﻿<?xml version="1.0" encoding="UTF-8" standalone="yes" ?>
<!-- 
   New Perspectives on XML
   Tutorial 4
   Case Problem 2
   Chester's Restaurant oatmeal

   Author: Jia Wang    
   Date: 03/12/2020
   Lab: 7      

   Filename:         menu.xml
   Supporting Files: menu.css, menu.xsd, recipe.css, recipe.xsd
   xmlns:xsi="http://www.w3.org/2001/XMLSchema-instance"
   xmlns="http://example.com/chestershartland/menu"
-->

<MI:menuItem 
    xmlns:xsi="http://www.w3.org/2001/XMLSchema-instance" 
    xmlns:MI="http://example.com/chestershartland/menu"
    xsi:schemaLocation="http://example.com/chestershartland/menu menu.xsd">
   <MI:itemName>Oatmeal Breakfast</MI:itemName>
   <MI:description>
   <![CDATA[Our oatmeal is served warm with fresh fruit, pecans, raisins,
      and 100% maple syrup. Available all day.
   ]]>
   </MI:description>
   <MI:price>6.95</MI:price>
   <MI:icon>&#9824;</MI:icon>  
   <MI:icon>&#9829;</MI:icon>
   
</MI:menuItem>

