﻿<?xml version="1.0" encoding="UTF-8" standalone="yes" ?>
<?xml-stylesheet type="text/css" href="menu.css"?>
<?xml-stylesheet type="text/css" href="recipe.css"?>
<!-- 
   New Perspectives on XML
   Tutorial 4
   Case Problem 2
   Chester's Restaurant oatmeal

   Author: Jia Wang    
   Date: 03/12/2020
   Lab: 7      

   Filename:         menurecipe.xml
   Supporting Files: menu.css, menu.xsd, recipe.css, recipe.xsd
   xmlns:xsi="http://www.w3.org/2001/XMLSchema-instance"
   xmlns="http://example.com/chestershartland/menu"
-->
<MI:menuItem 
    xmlns:xsi="http://www.w3.org/2001/XMLSchema-instance" 
    xmlns:MI="http://example.com/chestershartland/menu"
    xsi:schemaLocation="http://example.com/chestershartland/menu menu.xsd">
   <MI:itemName>Oatmeal Breakfast</MI:itemName>
   <MI:description>
   <![CDATA[Our oatmeal is served warm with fresh fruit, pecans, raisins,
      and 100% maple syrup. Available all day.
   ]]>
   </MI:description>
   <MI:price>6.95</MI:price>
   <MI:icon>&#9824;</MI:icon>  
   <MI:icon>&#9829;</MI:icon>
   
   <RP:recipe 
    xmlns:xsi="http://www.w3.org/2001/XMLSchema-instance" 
    xmlns:RP="http://example.com/chestershartland/recipe"
    xsi:schemaLocation="http://example.com/chestershartland/recipe recipe.xsd">
      <RP:itemName>Oatmeal Breakfast</RP:itemName>
     
      <RP:ingredients>
         <RP:ingredient>1/3 c steel cut oats</RP:ingredient>
         <RP:ingredient>1-1/4 c water</RP:ingredient>
         <RP:ingredient>1/4 t salt</RP:ingredient>
      </RP:ingredients>
      <RP:directions>
      <![CDATA[Bring water to a boil. Add salt and oats, stir, and lower heat
         to lowest setting. Cover and let stand 2 hours.
      ]]>
      </RP:directions>
   </RP:recipe>
</MI:menuItem>

