<?xml version="1.0" encoding="UTF-8" standalone="yes" ?>
<!-- 
   New Perspectives on XML
   Tutorial 4
   Case Problem 2
   Chester's Restaurant oatmeal

   Author: Jia Wang    
   Date: 03/12/2020
   Lab: 7       

   Filename:         recipe.xml
   Supporting Files: menu.css, menu.xsd, recipe.css, recipe.xsd
-->

   <RP:recipe 
   xmlns:xsi="http://www.w3.org/2001/XMLSchema-instance" 
    xmlns:RP="http://example.com/chestershartland/recipe"
    xsi:schemaLocation="http://example.com/chestershartland/recipe recipe.xsd"
   >
      <itemName>Oatmeal Breakfast</itemName>
     
      <ingredients>
         <ingredient>1/3 c steel cut oats</ingredient>
         <ingredient>1-1/4 c water</ingredient>
         <ingredient>1/4 t salt</ingredient>
      </ingredients>
      <directions>
      <![CDATA[Bring water to a boil. Add salt and oats, stir, and lower heat
         to lowest setting. Cover and let stand 2 hours.
      ]]>
      </directions>
   </RP:recipe>